Plano manut.;CenTrab respon.;Texto item man.;Loc.instalação;Data planejada;Dta.iníc.progr.;Data encermto.;Última ordem;Ordem
TBDPDTCH001A;TTABDPM;Teste operativo (BDP) CH-301F7T;MT-S-70113-FE01-CH-301F7T;15/01/2028;11/03/2025;11/03/2025;2200264285;2200264285
TBDPDTCH002A;TTABDPM;Teste operativo (BDP) CH-302F8_8T;MT-S-70113-FE01-CH-302F8_8T;12/01/2025;13/01/2025;15/02/2022;2200264286;2200188699
TBDPDTCH002A;TTABDPM;Teste operativo (BDP) CH-302F8_8T;MT-S-70113-FE01-CH-302F8_8T;15/01/2028;11/03/2025;11/03/2025;2200264286;2200264286
TBDPDTCH003A;TTABDPM;Teste operativo (BDP) CH-303F8_8T;MT-S-70113-FE01-CH-303F8_8T;12/01/2025;11/03/2025;11/03/2025;2200235617;2200235617
TBDPDTCH004A;TTABDPM;Teste operativo (BDP) CH-304FS1_1T;MT-S-70113-FE01-CH-304FS1_1T;12/01/2025;13/01/2025;15/02/2022;2200264287;2200188698
TBDPDTCH004A;TTABDPM;Teste operativo (BDP) CH-304FS1_1T;MT-S-70113-FE01-CH-304FS1_1T;15/01/2028;11/03/2025;11/03/2025;2200264287;2200264287
TBDPDTCH005A;TTABDPM;Teste operativo (BDP) CH-305FS1_1T;MT-S-70113-FE01-CH-305FS1_1T;12/01/2025;11/03/2025;11/03/2025;2200235618;2200235618
TBDPDTCH006A;TTABDPM;Teste operativo (BDP) CH-306FC1_1T;MT-S-70113-FE01-CH-306FC1_1T;12/01/2025;13/01/2025;15/02/2022;2200264288;2200188697
TBDPDTCH006A;TTABDPM;Teste operativo (BDP) CH-306FC1_1T;MT-S-70113-FE01-CH-306FC1_1T;15/01/2028;11/03/2025;11/03/2025;2200264288;2200264288
TBDPDTDJ000A;TTABDPM;Teste operativo (BDP) DJ-5U4;MT-S-70113-FR22-DJ-5U4;12/11/2025;12/11/2025;;2200272503;2200272503
TBDPDTDJ001A;TTABDPM;Teste operativo (BDP) DJ-3U4;MT-S-70113-FE01-DJ-3U4;21/03/2025;11/03/2025;11/03/2025;2200253515;2200253515
TBDPDTDJ002A;TTABDPM;Teste operativo (BDP) DJ-4U4;MT-S-70113-FM04-DJ-4U4;21/03/2025;26/01/2025;26/01/2025;2200253516;2200253516
TBDPDTDJ003A;TTABDPM;Teste operativo (BDP) DJ-6U4;MT-S-70113-FL06-DJ-6U4;20/02/2025;20/02/2025;20/02/2025;2200273580;2200251454
TBDPDTGM002A;TTABDPM;Teste operativo (BDP) GM-1;MT-S-70113-INCA-GM-1;27/06/2025;27/06/2025;26/06/2025;2200275189;2200275189
TBDPPDBB400A;TTABDPM;Ensaios e medições em BBAT (BDP) BB-3;MT-S-70113-FE01-BB-3;20/05/2025;20/05/2025;20/05/2025;2200269446;2200269446
TBDPPDBC401A;TTABDPM;Ensaios e medições (BDP) BC-C1_F;MT-S-70113-FE01-BC-C1_F;01/02/2025;11/03/2025;11/03/2025;2200249668;2200249668
TBDPPDBC403A;TTABDPM;Ensaios e Medições (BDP) FH-FH3_F;MT-S-70113-FE01-FH-FH3_F;01/02/2025;11/03/2025;11/03/2025;2200249670;2200249670
TBDPPDCH016C;TTABDPM;Insp. visual detalhada (BDP) CH-3UT1R_AZ;MT-S-70113-FE01-CH-3UT1R_AZ;23/08/2025;25/08/2025;;2200273241;2200273241
TBDPPDCH017C;TTABDPM;Insp. visual detalhada (BDP) CH-3UT1R_BR;MT-S-70113-FE01-CH-3UT1R_BR;15/01/2025;15/01/2025;16/01/2025;2200270180;2200255394
TBDPPDCH017C;TTABDPM;Insp. visual detalhada (BDP) CH-3UT1R_BR;MT-S-70113-FE01-CH-3UT1R_BR;15/07/2025;15/07/2025;;2200270180;2200270180
TBDPPDCH018C;TTABDPM;Insp. visual detalhada (BDP) CH-3UT1R_VM;MT-S-70113-FE01-CH-3UT1R_VM;15/01/2025;15/01/2025;20/01/2025;2200270390;2200255395
TBDPPDCH018C;TTABDPM;Insp. visual detalhada (BDP) CH-3UT1R_VM;MT-S-70113-FE01-CH-3UT1R_VM;19/07/2025;21/07/2025;;2200270390;2200270390
TBDPPVDJ201A;TTABDPM;Ensaios (BDP) DJ - 6U4;MT-S-70113-FL06-DJ-6U4;29/06/2028;15/07/2025;;2200273579;2200273579
TBDPPVDJ210A;TTABDPM;Ensaios (BDP) DJ - 19US4;MT-S-70113-FR19-DJ-19US4;23/01/2025;10/06/2025;;2200248633;2200248633
TUEMDTDJ003A;TTAEMPM;Teste operativo (UEM) DJ-4K4;MT-S-41103-DL04-DJ-4K4;11/04/2025;10/02/2025;10/02/2025;2200255120;2200255120
TUEMDTDJ004A;TTAEMPM;Teste operativo (UEM) DJ-6K4;MT-S-41103-DL06-DJ-6K4;24/02/2025;18/12/2025;20/12/2024;2200276236;2200251969
TUEMDTDJ004A;TTAEMPM;Teste operativo (UEM) DJ-6K4;MT-S-41103-DL06-DJ-6K4;15/12/2025;15/12/2025;;2200276236;2200276236
TUEMDTDJ006A;TTAEMPM;Teste operativo (UEM) DJ-9K4;MT-S-41103-DL09-DJ-9K4;30/11/2025;01/12/2025;;2200273809;2200273809
TUEMDTDJ007A;TTAEMPM;Teste operativo (UEM) DJ-12K4;MT-S-41103-DL12-DJ-12K4;11/04/2025;11/02/2025;12/02/2025;2200255121;2200255121
TUEMDTDJ008A;TTAEMPM;Teste operativo (UEM) DJ-14K4;MT-S-41103-DL14-DJ-14K4;23/08/2025;25/08/2025;;3200021712;3200021712
TUEMDTDJ009A;TTAEMPM;Teste operativo (UEM) DJ-15K4;MT-S-41103-DL15-DJ-15K4;21/09/2025;22/09/2025;;3200021962;3200021962
TUEMDTDJ012A;TTAEMPM;Teste operativo (UEM) DJ-7U4;MT-S-41103-DG02-DJ-7U4;11/09/2025;25/02/2025;25/02/2025;2200265641;2200265641
TUEMDTDJ013A;TTAEMPM;Teste operativo (UEM) DJ-9U4;MT-S-41103-FT10-DJ-9U4;20/02/2025;21/02/2025;21/02/2025;2200251488;2200251488
TUEMDTDJ014A;TTAEMPM;Teste operativo (UEM) DJ-10U4;MT-S-41103-DG03-DJ-10U4;14/10/2025;12/05/2025;12/05/2025;2200270345;2200270345
TUEMDTDJ015A;TTAEMPM;Teste operativo (UEM) DJ-13U4;MT-S-41103-DG04-DJ-13U4;14/10/2025;12/05/2025;12/05/2025;2200270346;2200270346
TUEMDTDJ016A;TTAEMPM;Teste operativo (UEM) DJ-15U4;MT-S-41103-FL15-DJ-15U4;19/10/2025;20/10/2025;;2200270693;2200270693
TUEMDTDJ017A;TTAEMPM;Teste operativo (UEM) DJ-18U4;MT-S-41103-FL18-DJ-18U4;16/01/2025;30/10/2025;30/10/2024;2200266107;2200248816
TUEMDTDJ017A;TTAEMPM;Teste operativo (UEM) DJ-18U4;MT-S-41103-FL18-DJ-18U4;25/10/2025;13/01/2025;22/01/2025;2200266107;2200266107
TUEMDTDJ018A;TTAEMPM;Teste operativo (UEM) DJ-8U4;MT-S-41103-FM08-DJ-8U4;14/10/2025;14/10/2025;;2200270347;2200270347
TUEMDTGM001A;TTAEMPM;Teste operativo (UEM) GM-1;MT-S-41103-INCA-GM-1;05/06/2025;06/06/2025;06/06/2025;2200277687;2200274319
TUEMPDBB400A;TTAEMPM;Ensaios e medições em BBAT (UEM) BB-3;MT-S-41103-INCC-BB-3;04/06/2025;09/06/2025;09/06/2025;2200270611;2200270611
TUEMPDCH010C;TTAEMPM;Insp. visual detalhada (UEM) CH-13U5;MT-S-41103-DG04-CH-13U5;22/03/2025;24/03/2025;20/03/2025;2200276238;2200260800
TUEMPDCH010C;TTAEMPM;Insp. visual detalhada (UEM) CH-13U5;MT-S-41103-DG04-CH-13U5;16/09/2025;16/09/2025;;2200276238;2200276238
TUEMPDCH0110;TTAEMPM;Insp. visual detalhada (UEM) CH-86F8;MT-S-41103-FT10-CH-86F8;26/01/2025;27/01/2025;25/01/2025;2200270720;2200256039
TUEMPDCH0110;TTAEMPM;Insp. visual detalhada (UEM) CH-86F8;MT-S-41103-FT10-CH-86F8;24/07/2025;24/07/2025;;2200270720;2200270720
TUEMPDCH0111;TTAEMPM;Insp. visual detalhada (UEM) CH-9U3;MT-S-41103-FT10-CH-9U3;22/03/2025;24/03/2025;18/03/2025;2200275906;2200260801
TUEMPDCH0111;TTAEMPM;Insp. visual detalhada (UEM) CH-9U3;MT-S-41103-FT10-CH-9U3;14/09/2025;15/09/2025;;2200275906;2200275906
TUEMPDPR062B;TTAEMPM;Insp. visual det. (UEM) PR-T8_F_BR;MT-S-41103-DT08-PR-T8_F_BR;28/06/2025;30/06/2025;23/06/2025;2200269047;2200269047
TUEMPDPR062B;TTAEMPM;Insp. visual det. (UEM) PR-T8_F_BR;MT-S-41103-DT08-PR-T8_F_BR;20/12/2025;20/12/2025;;2200269047;
TUEMPDTC007B;TTAEMPM;Insp. visual det. (UEM) TC-4U4_VM;MT-S-41103-DG01-TC-4U4_VM;12/02/2025;12/02/2025;22/02/2025;2200273109;2200257204
TUEMPDTC007B;TTAEMPM;Insp. visual det. (UEM) TC-4U4_VM;MT-S-41103-DG01-TC-4U4_VM;21/08/2025;21/08/2025;;2200273109;2200273109
TUEMPDTC008B;TTAEMPM;Insp. visual det. (UEM) TC-4U4_AZ;MT-S-41103-DG01-TC-4U4_AZ;12/02/2025;12/02/2025;22/02/2025;2200273110;2200257205
TUEMPDTC008B;TTAEMPM;Insp. visual det. (UEM) TC-4U4_AZ;MT-S-41103-DG01-TC-4U4_AZ;21/08/2025;21/08/2025;;2200273110;2200273110
TUEMPDTC009B;TTAEMPM;Insp. visual det. (UEM) TC-4U4_BR;MT-S-41103-DG01-TC-4U4_BR;12/02/2025;12/02/2025;22/02/2025;2200273111;2200257206
TUEMPDTC009B;TTAEMPM;Insp. visual det. (UEM) TC-4U4_BR;MT-S-41103-DG01-TC-4U4_BR;21/08/2025;21/08/2025;;2200273111;2200273111
TUEMPVDJ213A;TTAEMPM;Ensaios (UEM) DJ - 7U4;MT-S-41103-DG02-DJ-7U4;16/02/2025;25/02/2025;25/02/2025;2200250140;2200250140
TUEMPVDJ214A;TTAEMPM;Ensaios e medições c/ rest. (UEM) DJ-9U4;MT-S-41103-FT10-DJ-9U4;09/03/2026;08/04/2025;10/04/2025;2200268842;2200268842
TUEMPVTR001A;TTAEMPM;Revisão desmont Comut (UEM) TR-T8_K_TR;MT-S-41103-DT08-TR-T8_K_TR;10/05/2025;12/05/2025;;2200256312;2200256312
TUJGDTCH026A;TTAJGPM;Teste operativo (UJG) CH-5P1;MT-S-41210-FL05-CH-5P1;14/09/2028;12/04/2025;13/04/2025;2200268923;2200268923
TUJGDTCH027A;TTAJGPM;Teste operativo (UJG) CH-5P2;MT-S-41210-FL05-CH-5P2;14/09/2028;12/04/2025;13/04/2025;2200268924;2200268924
TUJGDTCH028A;TTAJGPM;Teste operativo (UJG) CH-5P5_5T;MT-S-41210-FL05-CH-5P5_5T;14/09/2028;12/04/2025;13/04/2025;2200268925;2200268925
TUJGDTCH029A;TTAJGPM;Teste operativo (UJG) CH-5P6;MT-S-41210-FL05-CH-5P6;14/09/2028;12/04/2025;13/04/2025;2200268926;2200268926
TUJGDTCH064A;TTAJGPM;Teste operativo (UJG) CH-4U3;MT-S-41101-FT12-CH-4U3;10/02/2025;21/01/2025;23/01/2025;2200238228;2200238228
TUJGDTCH065A;TTAJGPM;Teste operativo (UJG) CH-4U5;MT-S-41101-FT12-CH-4U5;10/02/2025;21/01/2025;23/01/2025;2200238229;2200238229
TUJGDTCH066A;TTAJGPM;Teste operativo (UJG) CH-5U3;MT-S-41101-FT11-CH-5U3;01/02/2026;28/01/2025;30/01/2025;2200261987;2200261987
TUJGDTCH067A;TTAJGPM;Teste operativo (UJG) CH-5U5;MT-S-41101-FT11-CH-5U5;01/02/2026;28/01/2025;30/01/2025;2200261988;2200261988
TUJGDTCH068A;TTAJGPM;Teste operativo (UJG) CH-6U3;MT-S-41101-FT13-CH-6U3;18/04/2027;18/02/2025;20/02/2025;2200261995;2200261995
TUJGDTCH069A;TTAJGPM;Teste operativo (UJG) CH-6U5;MT-S-41101-FT13-CH-6U5;18/04/2027;18/02/2025;20/02/2025;2200261996;2200261996
TUJGPDCH002B;TTAJGPM;Inspeção visual det. (UJG) CH-10P5_5T;MT-S-41210-FL10-CH-10P5_5T;29/11/2025;29/11/2025;;2200273733;
TUJGPDCH002C;TTAJGPM;Insp. visual detalhada (UJG) CH-8P5_5T;MT-S-41210-FL08-CH-8P5_5T;08/09/2025;08/09/2025;;2200274781;2200274781
TUJGPDCH0101;TTAJGPM;Insp. visual detalhada (UJG) CH-4K5;MT-S-41210-FT07-CH-4K5;16/03/2025;17/03/2025;12/03/2025;2200274785;2200259758
TUJGPDCH0101;TTAJGPM;Insp. visual detalhada (UJG) CH-4K5;MT-S-41210-FT07-CH-4K5;08/09/2025;08/09/2025;;2200274785;2200274785
TUJGPDCH0102;TTAJGPM;Insp. visual detalhada (UJG) CH-4K6;MT-S-41210-FT07-CH-4K1;16/03/2025;17/03/2025;12/03/2025;2200274786;2200259759
TUJGPDCH0102;TTAJGPM;Insp. visual detalhada (UJG) CH-4K6;MT-S-41210-FT07-CH-4K1;08/09/2025;08/09/2025;;2200274786;2200274786
TUJGPDCH0103;TTAJGPM;Insp. visual detalhada (UJG) CH-13P1;MT-S-41210-FT08-CH-13P1;16/03/2025;17/03/2025;12/03/2025;2200274787;2200259760
TUJGPDCH0103;TTAJGPM;Insp. visual detalhada (UJG) CH-13P1;MT-S-41210-FT08-CH-13P1;08/09/2025;08/09/2025;;2200274787;2200274787
TUJGPDCH0104;TTAJGPM;Insp. visual detalhada (UJG) CH-13P2;MT-S-41210-FT08-CH-13P2;16/03/2025;17/03/2025;12/03/2025;2200274788;2200259761
TUJGPDCH0104;TTAJGPM;Insp. visual detalhada (UJG) CH-13P2;MT-S-41210-FT08-CH-13P2;08/09/2025;08/09/2025;;2200274788;2200274788
TUJGPDDJ001B;TTAJGPM;Insp. visual det. (UJG) DJ-5K4;MT-S-41210-DM05-DJ-5K4;16/03/2025;17/03/2025;12/03/2025;2200274826;2200259841
TUJGPDDJ001B;TTAJGPM;Insp. visual det. (UJG) DJ-5K4;MT-S-41210-DM05-DJ-5K4;08/09/2025;08/09/2025;;2200274826;2200274826
TUJGPDDJ002B;TTAJGPM;Insp. visual det. (UJG) DJ-6K4;MT-S-41210-FT08-DJ-6K4;16/03/2025;17/03/2025;12/03/2025;2200274827;2200259842
TUJGPDDJ002B;TTAJGPM;Insp. visual det. (UJG) DJ-6K4;MT-S-41210-FT08-DJ-6K4;08/09/2025;08/09/2025;;2200274827;2200274827
TUJGPDDJ003B;TTAJGPM;Insp. visual det. (UJG) DJ-12U4;MT-S-41101-FL11-DJ-12U4;16/03/2025;17/03/2025;07/03/2025;2200274145;2200259843
TUJGPDDJ003B;TTAJGPM;Insp. visual det. (UJG) DJ-12U4;MT-S-41101-FL11-DJ-12U4;03/09/2025;03/09/2025;;2200274145;2200274145
TUJGPDDJ004B;TTAJGPM;Insp. visual det. (UJG) DJ-9U4;MT-S-41101-FL10-DJ-9U4;16/03/2025;17/03/2025;07/03/2025;2200274146;2200259844
TUJGPDDJ004B;TTAJGPM;Insp. visual det. (UJG) DJ-9U4;MT-S-41101-FL10-DJ-9U4;03/09/2025;03/09/2025;;2200274146;2200274146
TUJGPDDJ005B;TTAJGPM;Insp. visual det. (UJG) DJ-7K4;MT-S-41210-DL07-DJ-7K4;16/03/2025;17/03/2025;13/03/2025;2200275066;2200259845
TUJGPDDJ005B;TTAJGPM;Insp. visual det. (UJG) DJ-7K4;MT-S-41210-DL07-DJ-7K4;09/09/2025;09/09/2025;;2200275066;2200275066
TUJGPDTC024B;TTAJGPM;Insp. visual det. (UJG) TC-8U4_VM;MT-S-41101-FM08-TC-8U4_VM;16/03/2025;17/03/2025;07/03/2025;2200274227;2200259997
TUJGPDTC024B;TTAJGPM;Insp. visual det. (UJG) TC-8U4_VM;MT-S-41101-FM08-TC-8U4_VM;03/09/2025;03/09/2025;;2200274227;2200274227
TUJGPDTC024C;TTAJGPM;Insp. visual det. (UJG) TC-70F_VM;MT-S-41210-FT07-TC-70F_VM;08/06/2025;09/06/2025;14/10/2023;2200273741;2200267444
TUJGPDTC024C;TTAJGPM;Insp. visual det. (UJG) TC-70F_VM;MT-S-41210-FT07-TC-70F_VM;11/04/2024;02/06/2025;02/06/2025;2200273741;2200273741
TUJGPDTC024C;TTAJGPM;Insp. visual det. (UJG) TC-70F_VM;MT-S-41210-FT07-TC-70F_VM;29/11/2025;29/11/2025;;2200273741;
TUJGPDTC025B;TTAJGPM;Insp. visual det. (UJG) TC-8U4_AZ;MT-S-41101-FM08-TC-8U4_AZ;16/03/2025;17/03/2025;07/03/2025;2200274228;2200259998
TUJGPDTC025B;TTAJGPM;Insp. visual det. (UJG) TC-8U4_AZ;MT-S-41101-FM08-TC-8U4_AZ;03/09/2025;03/09/2025;;2200274228;2200274228
TUJGPDTC091B;TTAJGPM;Insp. visual det. (UJG) TC-S9_U_AZ;MT-S-41101-FR09-TC-S9_U_AZ;16/03/2025;17/03/2025;10/03/2025;2200274543;2200260057
TUJGPDTC091B;TTAJGPM;Insp. visual det. (UJG) TC-S9_U_AZ;MT-S-41101-FR09-TC-S9_U_AZ;06/09/2025;08/09/2025;;2200274543;2200274543
TUJGPDTC092B;TTAJGPM;Insp. visual det. (UJG) TC-S9_U_BR;MT-S-41101-FR09-TC-S9_U_BR;16/03/2025;17/03/2025;10/03/2025;2200274544;2200260058
TUJGPDTC092B;TTAJGPM;Insp. visual det. (UJG) TC-S9_U_BR;MT-S-41101-FR09-TC-S9_U_BR;06/09/2025;08/09/2025;;2200274544;2200274544
TUJGPDTC093B;TTAJGPM;Insp. visual det. (UJG) TC-S9_U_VM;MT-S-41101-FR09-TC-S9_U_VM;16/03/2025;17/03/2025;10/03/2025;2200274545;2200260059
TUJGPDTC093B;TTAJGPM;Insp. visual det. (UJG) TC-S9_U_VM;MT-S-41101-FR09-TC-S9_U_VM;06/09/2025;08/09/2025;;2200274545;2200274545
TUJGPVCH422A;TTAJGPM;Lubrificação (UJG) CH-1UT11;MT-S-41101-FT11-CH-1UT11;01/06/2025;28/01/2025;30/01/2025;2200257607;2200257607
TUJGPVCH425A;TTAJGPM;Lubrificação (UJG) CH-2UT12;MT-S-41101-FT12-CH-2UT12;10/02/2025;21/01/2025;23/01/2025;2200249653;2200249653
TUJGPVDJ209A;TTAJGPM;Ensaios (UJG) DJ - 5P4;MT-S-41210-FL05-DJ-5P4;07/02/2025;12/04/2025;13/04/2025;2200249480;2200249480
TUJGPVDJ223A;TTAJGPM;Ensaios (UJG) DJ - 4U4;MT-S-41101-FT12-DJ-4U4;10/02/2025;21/01/2025;23/01/2025;2200249654;2200249654
TUJGPVDJ224A;TTAJGPM;Ensaios (UJG) DJ - 5U4;MT-S-41101-FT11-DJ-5U4;01/06/2025;28/01/2025;30/01/2025;2200257608;2200257608
TUJGPVDJ233A;TTAJGPM;Ensaios (UJG) DJ - 14P4;MT-S-41101-FT11-DJ-14P4;01/06/2025;28/01/2025;30/01/2025;2200257609;2200257609
TUJGPVDJ234A;TTAJGPM;Ensaios (UJG) DJ - 12P4;MT-S-41101-FT12-DJ-12P4;10/02/2025;21/01/2025;23/01/2025;2200249655;2200249655
TUSSDTCH001A;TTASSPM;Teste operativo (USS) CH-1U3;MT-S-41150-DG02-CH-1U3;23/08/2026;24/06/2025;24/06/2025;2200228079;2200228079
TUSSDTCH013A;TTASSPM;Teste operativo (USS) CH-10U3;MT-S-41150-DG05-CH-10U3;20/06/2025;20/06/2025;28/05/2025;2200247756;2200247756
TUSSDTCH014A;TTASSPM;Teste operativo (USS) CH-10U5_5T;MT-S-41150-DG05-CH-10U5_5T;20/06/2025;20/06/2025;28/05/2025;2200247757;2200247757
TUSSDTCH015A;TTASSPM;Teste operativo (USS) CH-13U3;MT-S-41150-DG06-CH-13U3;29/05/2025;29/05/2025;29/05/2025;2200245586;2200245586
TUSSDTCH016A;TTASSPM;Teste operativo (USS) CH-13U5_5T;MT-S-41150-DG06-CH-13U5_5T;30/05/2025;29/05/2025;29/05/2025;2200245649;2200245649
TUSSDTCH019A;TTASSPM;Teste operativo (USS) CH-2U3;MT-S-41150-FM02-CH-2U3;23/08/2026;25/06/2025;25/06/2025;2200228563;2200228563
TUSSDTCH020A;TTASSPM;Teste operativo (USS) CH-2U5;MT-S-41150-FM02-CH-2U5;23/08/2026;25/06/2025;25/06/2025;2200228564;2200228564
TUSSDTCH025A;TTASSPM;Teste operativo (USS) CH-11U3;MT-S-41150-FM11-CH-11U3;25/01/2027;26/06/2025;26/06/2025;2200268921;2200268921
TUSSDTCH026A;TTASSPM;Teste operativo (USS) CH-11U5;MT-S-41150-FM11-CH-11U5;25/01/2027;26/06/2025;26/06/2025;2200268922;2200268922
TUSSDTCH031A;TTASSPM;Teste operativo (USS) CH-6U8_8T;MT-S-41150-FL06-CH-6U8_8T;16/02/2025;13/02/2025;13/02/2025;2200238824;2200238824
TUSSDTDJ001A;TTASSPM;Teste operativo (USS) DJ-1U4;MT-S-41150-DG02-DJ-1U4;16/12/2025;24/06/2025;;2200276383;2200276383
TUSSDTDJ002A;TTASSPM;Teste operativo (USS) DJ-4U4;MT-S-41150-DG03-DJ-4U4;18/12/2025;18/12/2025;;2200276561;2200276561
TUSSDTDJ003A;TTASSPM;Teste operativo (USS) DJ-6U4;MT-S-41150-FL06-DJ-6U4;02/08/2025;04/08/2025;;2200264925;2200264925
TUSSDTDJ005A;TTASSPM;Teste operativo (USS) DJ-9U4;MT-S-41150-FL09-DJ-9U4;02/02/2025;04/02/2025;04/02/2025;2200250143;2200250143
TUSSDTDJ006A;TTASSPM;Teste operativo (USS) DJ-10U4;MT-S-41150-DG05-DJ-10U4;17/09/2025;17/09/2025;;2200268168;2200268168
TUSSDTDJ007A;TTASSPM;Teste operativo (USS) DJ-15U4;MT-S-41150-FL15-DJ-15U4;31/05/2025;02/06/2025;28/04/2025;2200258300;2200258300
TUSSDTDJ008A;TTASSPM;Teste operativo (USS) DJ-2U4;MT-S-41150-FM02-DJ-2U4;10/09/2025;25/06/2025;26/06/2025;2200267687;2200267687
TUSSDTDJ009A;TTASSPM;Teste operativo (USS) DJ-5U4;MT-S-41150-FM05-DJ-5U4;10/10/2025;10/10/2025;;2200270108;2200270108
TUSSDTDJ010A;TTASSPM;Teste operativo (USS) DJ-8U4;MT-S-41150-FM08-DJ-8U4;19/02/2025;18/01/2025;18/01/2025;2200251447;2200251447
TUSSDTDJ011A;TTASSPM;Teste operativo (USS) DJ-11U4;MT-S-41150-FM11-DJ-11U4;17/09/2025;26/06/2025;26/06/2025;2200268169;2200268169
TUSSDTDJ012A;TTASSPM;Teste operativo (USS) DJ-14U4;MT-S-41150-FM14-DJ-14U4;17/09/2025;17/09/2025;;2200268170;2200268170
TUSSDTDJ013A;TTASSPM;Teste operativo (USS) DJ-3U4;MT-S-41150-DG01-DJ-3U4;14/02/2025;14/02/2025;14/02/2025;2200251048;2200251048
TUSSDTDJ015A;TTASSPM;Teste operativo (USS) DJ-7U4;MT-S-41150-DG04-DJ-7U4;16/06/2025;03/06/2025;03/06/2025;2200260344;2200260344
TUSSDTDJ016A;TTASSPM;Teste operativo (USS) DJ-13U4;MT-S-41150-DG06-DJ-13U4;17/09/2025;17/09/2025;;2200272913;2200272913
TUSSPDTC000B;TTASSPM;Insp. visual det. (USS) TC-1U4_VM;MT-S-41150-DG02-TC-1U4_VM;14/06/2025;16/06/2025;17/06/2025;2200267826;2200267826
TUSSPDTC000B;TTASSPM;Insp. visual det. (USS) TC-1U4_VM;MT-S-41150-DG02-TC-1U4_VM;14/12/2025;14/12/2025;;2200267826;
TUSSPDTC001B;TTASSPM;Insp. visual det. (USS) TC-1U4_AZ;MT-S-41150-DG02-TC-1U4_AZ;14/06/2025;16/06/2025;27/06/2025;2200267827;2200267827
TUSSPDTC001B;TTASSPM;Insp. visual det. (USS) TC-1U4_AZ;MT-S-41150-DG02-TC-1U4_AZ;24/12/2025;24/12/2025;;2200267827;
TUSSPDTC002B;TTASSPM;Insp. visual det. (USS) TC-1U4_BR;MT-S-41150-DG02-TC-1U4_BR;15/06/2025;16/06/2025;27/06/2025;2200267884;2200267884
TUSSPDTC002B;TTASSPM;Insp. visual det. (USS) TC-1U4_BR;MT-S-41150-DG02-TC-1U4_BR;24/12/2025;24/12/2025;;2200267884;
TUSSPDTC003B;TTASSPM;Insp. visual det. (USS) TC-2U4_VM;MT-S-41150-FM02-TC-2U4_VM;15/06/2025;16/06/2025;27/06/2025;2200267885;2200267885
TUSSPDTC003B;TTASSPM;Insp. visual det. (USS) TC-2U4_VM;MT-S-41150-FM02-TC-2U4_VM;24/12/2025;24/12/2025;;2200267885;
TUSSPDTC004B;TTASSPM;Insp. visual det. (USS) TC-2U4_AZ;MT-S-41150-FM02-TC-2U4_AZ;15/06/2025;16/06/2025;27/06/2025;2200267886;2200267886
TUSSPDTC004B;TTASSPM;Insp. visual det. (USS) TC-2U4_AZ;MT-S-41150-FM02-TC-2U4_AZ;24/12/2025;24/12/2025;;2200267886;
TUSSPDTC005B;TTASSPM;Insp. visual det. (USS) TC-2U4_BR;MT-S-41150-FM02-TC-2U4_BR;16/06/2025;16/06/2025;27/06/2025;2200267981;2200267981
TUSSPDTC005B;TTASSPM;Insp. visual det. (USS) TC-2U4_BR;MT-S-41150-FM02-TC-2U4_BR;24/12/2025;24/12/2025;;2200267981;
TUSSPDTC006B;TTASSPM;Insp. visual det. (USS) TC-3U4_VM;MT-S-41150-DG01-TC-3U4_VM;16/06/2025;16/06/2025;27/06/2025;2200267982;2200267982
TUSSPDTC006B;TTASSPM;Insp. visual det. (USS) TC-3U4_VM;MT-S-41150-DG01-TC-3U4_VM;24/12/2025;24/12/2025;;2200267982;
TUSSPDTC007B;TTASSPM;Insp. visual det. (USS) TC-3U4_AZ;MT-S-41150-DG01-TC-3U4_AZ;16/06/2025;16/06/2025;27/06/2025;2200267983;2200267983
TUSSPDTC007B;TTASSPM;Insp. visual det. (USS) TC-3U4_AZ;MT-S-41150-DG01-TC-3U4_AZ;24/12/2025;24/12/2025;;2200267983;
TUSSPDTC008B;TTASSPM;Insp. visual det. (USS) TC-3U4_BR;MT-S-41150-DG01-TC-3U4_BR;16/06/2025;16/06/2025;29/06/2025;2200267984;2200267984
TUSSPDTC008B;TTASSPM;Insp. visual det. (USS) TC-3U4_BR;MT-S-41150-DG01-TC-3U4_BR;26/12/2025;26/12/2025;;2200267984;
TUSSPVDJ215B;TTASSPM;Ensaios e Med. c/ Rest (USS) DJ-11U4;MT-S-41150-FM11-DJ-11U4;16/01/2025;26/06/2025;;2200247284;2200247284
TUSSPVDJ216B;TTASSPM;Ensaios e Med. c/ Rest (USS) DJ-2U4;MT-S-41150-FM02-DJ-2U4;02/01/2025;25/06/2025;;2200245942;2200245942
TUSSPVDJ217B;TTASSPM;Ensaios e Med. c/ Rest (USS) DJ-5U4;MT-S-41150-FM05-DJ-5U4;10/07/2025;10/07/2025;;2200228566;2200228566
TUSSPVDJ219B;TTASSPM;Ensaios e Med. c/ Rest (USS) DJ-1U4;MT-S-41150-DG02-DJ-1U4;17/04/2025;24/06/2025;;2200228565;2200228565
TUSSPVDJ220B;TTASSPM;Ensaios e Med. c/ Rest (USS) DJ-4U4;MT-S-41150-DG03-DJ-4U4;17/04/2025;22/04/2025;;2200254568;2200254568
TUSSPVDJ221B;TTASSPM;Ensaios e Med. c/ Rest (USS) DJ-7U4;MT-S-41150-DG04-DJ-7U4;16/10/2025;16/10/2025;;2200269515;2200269515
TUSSPVDJ222B;TTASSPM;Ensaios e Med. c/ Rest (USS) DJ-3U4;MT-S-41150-DG01-DJ-3U4;16/10/2025;16/10/2025;;2200228567;2200228567
TSGTDTCH003A;TTASGPM;Teste operativo (SGT) CH-1K5_5T;MT-S-41105-DL01-CH-1K5_5T;18/01/2025;17/01/2025;17/01/2025;3200019627;3200019627
TSGTDTCH006A;TTASGPM;Teste operativo (SGT) CH-2K5_5T;MT-S-41105-DL02-CH-2K5_5T;18/01/2025;17/01/2025;17/01/2025;3200019628;3200019628
TSGTDTCH013A;TTASGPM;Teste operativo (SGT) CH-70PC2_2T;MT-S-41105-FC02-CH-70PC2_2T;03/05/2025;05/05/2025;;2200243387;2200243387
TSGTDTCH014A;TTASGPM;Teste operativo (SGT) CH-5P3;MT-S-41105-FL05-CH-5P3;21/02/2027;24/04/2025;24/04/2025;2200268930;2200268930
TSGTDTCH015A;TTASGPM;Teste operativo (SGT) CH-5P5;MT-S-41105-FL05-CH-5P5;21/02/2027;24/04/2025;24/04/2025;2200268931;2200268931
TSGTDTCH016A;TTASGPM;Teste operativo (SGT) CH-5P8_8T;MT-S-41105-FL05-CH-5P8_8T;21/02/2027;21/03/2025;21/03/2025;2200268932;2200268932
TSGTDTCH025A;TTASGPM;Teste operativo (SGT) CH-4P3;MT-S-41105-FM04-CH-4P3;21/02/2027;23/04/2025;23/04/2025;2200268927;2200268927
TSGTDTCH030A;TTASGPM;Teste operativo (SGT) CH-4P5;MT-S-41105-FM04-CH-4P5;21/02/2027;23/04/2025;23/04/2025;2200268928;2200268928
TSGTDTDJ001A;TTASGPM;Teste operativo (SGT) DJ-1K4;MT-S-41105-DL01-DJ-1K4;09/11/2025;10/11/2025;;3200022194;3200022194
TSGTDTDJ002A;TTASGPM;Teste operativo (SGT) DJ-2K4;MT-S-41105-DL02-DJ-2K4;25/08/2025;25/08/2025;;3200021822;3200021822
TSGTDTDJ003A;TTASGPM;Teste operativo (SGT) DJ-5K4;MT-S-41105-DM05-DJ-5K4;04/05/2025;06/05/2025;06/05/2025;3200021026;3200021026
TSGTDTDJ004A;TTASGPM;Teste operativo (SGT) DJ-4K4;MT-S-41105-FT06-DJ-4K4;29/01/2025;29/01/2025;29/01/2025;3200020656;3200020656
TSGTDTDJ005A;TTASGPM;Teste operativo (SGT) DJ-6P4;MT-S-41105-FC01-DJ-6P4;19/10/2025;20/10/2025;;2200270692;2200270692
TSGTDTDJ006A;TTASGPM;Teste operativo (SGT) DJ-70P4;MT-S-41105-FC02-DJ-70P4;17/02/2025;17/02/2025;17/02/2025;2200251286;2200251286
TSGTDTDJ007A;TTASGPM;Teste operativo (SGT) DJ-5P4;MT-S-41105-FL05-DJ-5P4;08/12/2025;24/04/2025;24/04/2025;2200268933;2200268933
TSGTDTDJ008A;TTASGPM;Teste operativo (SGT) DJ-9U4;MT-S-41105-FL09-DJ-9U4;15/09/2025;15/09/2025;;2200268037;2200268037
TSGTDTDJ009A;TTASGPM;Teste operativo (SGT) DJ-11U4;MT-S-41105-FL11-DJ-11U4;08/03/2025;13/01/2025;13/01/2025;2200252682;2200252682
TSGTDTDJ010A;TTASGPM;Teste operativo (SGT) DJ-1P4;MT-S-41105-FM01-DJ-1P4;07/09/2025;08/09/2025;;2200267478;2200267478
TSGTDTDJ011A;TTASGPM;Teste operativo (SGT) DJ-4P4;MT-S-41105-FM04-DJ-4P4;08/12/2025;23/04/2025;23/04/2025;2200268929;2200268929
TSGTDTDJ013A;TTASGPM;Teste operativo (SGT) DJ-10U4;MT-S-41105-FM10-DJ-10U4;08/03/2025;13/01/2025;13/01/2025;2200252683;2200252683
TSGTDTDJ014A;TTASGPM;Teste operativo (SGT) DJ-15US4;MT-S-41105-FR15-DJ-15US4;07/09/2025;08/09/2025;;2200267479;2200267479
TSGTPDCH000B;TTASGPM;Inspeção visual detalhada (SGT) CH-40K3;MT-S-41105-FT07-CH-40K3;15/01/2025;15/01/2025;15/01/2025;3200022110;3200021117
TSGTPDCH000B;TTASGPM;Inspeção visual detalhada (SGT) CH-40K3;MT-S-41105-FT07-CH-40K3;14/07/2025;14/07/2025;;3200022110;3200022110
TSGTPDCH001B;TTASGPM;Inspeção visual detalhada (SGT) CH-40K5;MT-S-41105-FT07-CH-40K5;15/01/2025;15/01/2025;15/01/2025;3200022111;3200021118
TSGTPDCH001B;TTASGPM;Inspeção visual detalhada (SGT) CH-40K5;MT-S-41105-FT07-CH-40K5;14/07/2025;14/07/2025;;3200022111;3200022111
TSGTPDCH002B;TTASGPM;Inspeção visual detalhada (SGT) CH-40K6;MT-S-41105-FT07-CH-40K6;15/01/2025;15/01/2025;15/01/2025;3200022112;3200021119
TSGTPDCH002B;TTASGPM;Inspeção visual detalhada (SGT) CH-40K6;MT-S-41105-FT07-CH-40K6;14/07/2025;14/07/2025;;3200022112;3200022112
TSGTPDCH003B;TTASGPM;Inspeção visual detalhada (SGT) CH-40P3;MT-S-41105-FT06-CH-40P3;15/01/2025;15/01/2025;15/01/2025;3200022113;3200021120
TSGTPDCH003B;TTASGPM;Inspeção visual detalhada (SGT) CH-40P3;MT-S-41105-FT06-CH-40P3;14/07/2025;14/07/2025;;3200022113;3200022113
TSGTPDCH004B;TTASGPM;Inspeção visual detalhada (SGT) CH-40P5;MT-S-41105-FT06-CH-40P5;15/01/2025;15/01/2025;15/01/2025;3200022114;3200021121
TSGTPDCH004B;TTASGPM;Inspeção visual detalhada (SGT) CH-40P5;MT-S-41105-FT06-CH-40P5;14/07/2025;14/07/2025;;3200022114;3200022114
TSGTPDCH005B;TTASGPM;Inspeção visual detalhada (SGT) CH-40PT6;MT-S-41105-FT06-CH-40PT6;15/01/2025;15/01/2025;15/01/2025;3200022115;3200021122
TSGTPDCH005B;TTASGPM;Inspeção visual detalhada (SGT) CH-40PT6;MT-S-41105-FT06-CH-40PT6;14/07/2025;14/07/2025;;3200022115;3200022115
TSGTPDCH006B;TTASGPM;Inspeção visual detalhada (SGT) CH-4K1;MT-S-41105-FT06-CH-4K1;15/01/2025;15/01/2025;15/01/2025;3200022116;3200021123
TSGTPDCH006B;TTASGPM;Inspeção visual detalhada (SGT) CH-4K1;MT-S-41105-FT06-CH-4K1;14/07/2025;14/07/2025;;3200022116;3200022116
TSGTPDCH007B;TTASGPM;Inspeção visual detalhada (SGT) CH-4K2;MT-S-41105-FT06-CH-4K2;15/01/2025;15/01/2025;15/01/2025;3200022117;3200021124
TSGTPDCH007B;TTASGPM;Inspeção visual detalhada (SGT) CH-4K2;MT-S-41105-FT06-CH-4K2;14/07/2025;14/07/2025;;3200022117;3200022117
TSGTPDCH008B;TTASGPM;Inspeção visual detalhada (SGT) CH-4K5;MT-S-41105-FT06-CH-4K5;15/01/2025;15/01/2025;15/01/2025;3200022118;3200021125
TSGTPDCH008B;TTASGPM;Inspeção visual detalhada (SGT) CH-4K5;MT-S-41105-FT06-CH-4K5;14/07/2025;14/07/2025;;3200022118;3200022118
TSGTPDCH010B;TTASGPM;Inspeção visual detalhada (SGT) CH-4K6;MT-S-41105-FT06-CH-4K6;15/01/2025;15/01/2025;15/01/2025;3200022119;3200021126
TSGTPDCH010B;TTASGPM;Inspeção visual detalhada (SGT) CH-4K6;MT-S-41105-FT06-CH-4K6;14/07/2025;14/07/2025;;3200022119;3200022119
TSGTPDDJ000C;TTASGPM;Insp. visual detalhada (SGT) DJ-1K4;MT-S-41105-DL01-DJ-1K4;15/01/2025;15/01/2025;15/01/2025;3200022120;3200021127
TSGTPDDJ000C;TTASGPM;Insp. visual detalhada (SGT) DJ-1K4;MT-S-41105-DL01-DJ-1K4;14/07/2025;14/07/2025;;3200022120;3200022120
TSGTPDDJ001C;TTASGPM;Insp. visual detalhada (SGT) DJ-2K4;MT-S-41105-DL02-DJ-2K4;15/01/2025;15/01/2025;15/01/2025;3200022121;3200021128
TSGTPDDJ001C;TTASGPM;Insp. visual detalhada (SGT) DJ-2K4;MT-S-41105-DL02-DJ-2K4;14/07/2025;14/07/2025;;3200022121;3200022121
TSGTPDDJ002C;TTASGPM;Insp. visual detalhada (SGT) DJ-5K4;MT-S-41105-DM05-DJ-5K4;15/01/2025;15/01/2025;15/01/2025;3200022122;3200021129
TSGTPDDJ002C;TTASGPM;Insp. visual detalhada (SGT) DJ-5K4;MT-S-41105-DM05-DJ-5K4;14/07/2025;14/07/2025;;3200022122;3200022122
TSGTPDDJ003C;TTASGPM;Insp. visual detalhada (SGT) DJ-6P4;MT-S-41105-FC01-DJ-6P4;15/06/2025;01/06/2025;13/06/2025;2200267881;2200267881
TSGTPDDJ003C;TTASGPM;Insp. visual detalhada (SGT) DJ-6P4;MT-S-41105-FC01-DJ-6P4;10/12/2025;10/12/2025;;2200267881;
TSGTPDDJ004C;TTASGPM;Insp. visual detalhada (SGT) DJ-70P4;MT-S-41105-FC02-DJ-70P4;15/01/2025;15/01/2025;15/01/2025;2200270158;2200255459
TSGTPDDJ004C;TTASGPM;Insp. visual detalhada (SGT) DJ-70P4;MT-S-41105-FC02-DJ-70P4;14/07/2025;14/07/2025;;2200270158;2200270158
TSGTPDDJ005C;TTASGPM;Insp. visual detalhada (SGT) DJ-5P4;MT-S-41105-FL05-DJ-5P4;03/03/2025;03/03/2025;03/03/2025;2200273787;2200258364
TSGTPDDJ005C;TTASGPM;Insp. visual detalhada (SGT) DJ-5P4;MT-S-41105-FL05-DJ-5P4;30/08/2025;01/09/2025;;2200273787;2200273787
TSGTPDDJ006C;TTASGPM;Insp. visual detalhada (SGT) DJ-9U4;MT-S-41105-FL09-DJ-9U4;18/05/2025;19/05/2025;16/05/2025;2200266006;2200266006
TSGTPDDJ006C;TTASGPM;Insp. visual detalhada (SGT) DJ-9U4;MT-S-41105-FL09-DJ-9U4;12/11/2025;12/11/2025;;2200266006;
